Jack,422
Oliver,330
James,323
Logan,310
Leo,300
Lewis,298
Alexander,294
Harris,295
Noah,286
Rory,281
Charlie,280
Harry,262
Lucas,261
Jacob,251
Thomas,251
Alfie,249
Archie,243
Max,219
Finlay,218
Finn,208
Adam,201
Daniel,201
Ethan,196
Mason,193
Brodie,199
Joshua,183
Theo,177
Cameron,179
Oscar,174
Hunter,161
Aaron,157
Callum,156
William,153
Liam,151
Matthew,151
Jaxon,150
Harrison,146
Freddie,145
Ollie,145
Jamie,148
Caleb,138
Nathan,135
Luke,134
Muhammad,133
Jude,126
Arthur,123
Arran,118
Luca,117
Angus,116
Carter,114
Connor,113
Dylan,113
George,110
Robert,109
Arlo,109
Samuel,107
Hamish,106
Jackson,105
Cole,105
Ryan,105
Andrew,103
David,102
Fraser,100
Joseph,100
Kai,100
Isaac,99
Michael,97
Reuben,96
Leon,95
Aidan,94
Benjamin,94
Blair,105
Riley,124
Ben,88
John,85
Josh,82
Murray,82
Sam,80
Grayson,75
Cooper,74
Callan,72
Elijah,72
Jake,72
Innes,71
Louis,70
Ruaridh,70
Owen,68
Tommy,68
Tyler,69
Henry,67
Elliot,67
Lyle,65
Jayden,65
Kayden,64
Aiden,62
Gabriel,63
Jax,61
Carson,61
Robbie,60
Sebastian,59
Euan,58
Sonny,58
Calvin,57
Ross,57
Zac,57
Austin,56
Kyle,56
Louie,56
Cody,56
Brody,54
Ellis,73
Struan,54
Calum,53
Teddy,52
Lochlan,51
Conor,50
Parker,54
Lachlan,49
Mohammed,49
Patrick,49
Rhys,49
Ruairidh,49
Evan,50
Kian,48
Magnus,48
Roman,48
Hugo,47
Scott,47
Theodore,47
Zachary,47
Edward,46
Marcus,46
Myles,46
Harvey,46
Joey,46
Charles,44
Corey,44
Zach,44
Eli,43
Zack,43
Anthony,42
Jaxson,42
Fergus,41
Kieran,41
Cillian,39
Zak,39
Christopher,38
Levi,39
Shay,42
Miller,37
Peter,36
Toby,36
Dominic,35
Sean,35
Finley,34
Gregor,34
Alan,33
Bradley,33
Cian,33
Ezra,33
Flynn,33
Ruben,33
Felix,32
Jay,32
Kaiden,32
Reggie,32
Ciaran,31
Zander,31
Alasdair,29
Antoni,29
Hayden,29
Hudson,29
Robin,37
Albie,28
Jan,28
Mohammad,28
Olly,28
Ronan,28
Elliott,28
Oskar,27
Filip,26
Jakub,26
Jordan,26
Mark,26
Nicholas,26
Paul,26
Jason,25
Oran,26
Seth,25
Cohen,24
Ibrahim,24
Jasper,24
Jenson,24
Joel,24
Junior,24
Bailey,30
Craig,23
Duncan,23
Lennon,24
Nathaniel,23
Rocco,23
Archer,22
Callen,22
Colton,22
Declan,22
Findlay,22
Frederick,22
Kacper,22
Kaleb,22
Steven,22
Ashton,21
Kevin,21
Nico,23
Reece,21
Stephen,21
Tom,21
Travis,21
Vincent,21
Bobby,20
Caelan,21
Joe,20
Lennox,26
Niall,20
Rio,24
Zayn,20
Danny,19
Dean,19
Francis,19
Jonah,19
Keir,19
Milo,19
Muhammed,19
Odin,19
Caiden,18
Campbell,18
Eric,18
Leighton,19
River,31
Ruairi,18
Spencer,20
Alistair,17
Jensen,17
Layton,17
Maxwell,17
Xander,17
Yusuf,17
Albert,16
Archibald,16
Billy,16
Colby,16
Cruz,16
Franciszek,16
Haris,17
Lincoln,16
Odhran,16
Ralph,16
Ali,17
Conall,15
Ewan,15
Fletcher,15
Hector,15
Ian,15
Killian,15
Lauchlan,15
Mack,15
Maksymilian,15
Malcolm,15
Abdullah,14
Bodhi,14
Cayden,14
Drew,15
Lukas,14
Lyall,14
Murdo,14
Noel,14
Ronnie,15
Rudi,16
Stanley,14
Tristan,14
Abel,13
Ayaan,13
Brandon,13
Darragh,13
Dexter,13
Dominik,13
Elias,13
Fionn,13
Hugh,13
Jace,13
Julian,13
Keegan,14
Kerr,13
Kit,13
Marcel,13
Miles,13
Nolan,13
Richard,13
Rohan,13
Rudy,14
Wyatt,13
Asher,12
Cailean,12
Douglas,12
Freddy,12
Jaiden,12
Leyton,12
Martin,12
Mateo,12
Matteo,12
Michal,12
Mikolaj,12
Nairn,13
Omar,12
Preston,12
Ruari,12
Abdul,11
Aron,11
Artur,11
Brayden,11
Chester,11
Clayton,11
Frank,11
Hamza,11
Igor,11
Jonathan,11
Kylo,11
Lawson,11
Leonardo,11
Mikey,11
Mitchell,11
Rex,11
Russell,11
Tobias,11
Vinnie,11
Olivia,444
Emily,423
Isla,383
Sophie,331
Amelia,313
Ella,295
Ava,292
Grace,286
Aria,273
Jessica,262
Charlotte,246
Sophia,227
Freya,226
Lucy,221
Lily,219
Evie,212
Harper,195
Ellie,189
Eilidh,179
Mia,174
Millie,164
Anna,156
Emma,152
Ruby,152
Maisie,151
Rosie,150
Georgia,148
Eva,145
Chloe,143
Poppy,138
Orla,136
Holly,127
Hannah,125
Erin,124
Willow,124
Ivy,121
Mila,119
Esme,118
Layla,118
Sofia,117
Isabella,114
Robyn,110
Sienna,109
Skye,110
Zara,108
Alice,106
Maya,104
Emilia,102
Daisy,101
Katie,95
Niamh,94
Amber,92
Rose,89
Molly,86
Zoe,84
Abigail,83
Iona,83
Leah,78
Hallie,77
Thea,77
Gracie,74
Lilly,74
Hollie,72
Imogen,71
Cara,69
Ayla,68
Cora,67
Elsie,63
Bella,62
Phoebe,62
Summer,60
Ada,59
Bonnie,59
Julia,59
Amelie,58
Brooke,58
Matilda,57
Callie,56
Maria,56
Piper,56
Darcy,56
Luna,54
Lola,53
Aila,52
Lexi,52
Rebecca,51
Hope,50
Penelope,50
Kayla,49
Rowan,84
Clara,48
Georgie,49
Lena,48
Sadie,48
Aurora,47
Eden,60
Florence,47
Nina,47
Quinn,78
Violet,47
Amy,46
Eve,46
Scarlett,46
Alba,46
Ariana,45
Elizabeth,45
Mya,45
Myla,45
Evelyn,44
Harley,78
Penny,43
Sarah,43
Darcie,42
Heidi,42
Nova,43
Abbie,41
Annie,41
Hanna,40
Madison,40
Flora,39
Lyla,39
Mirren,39
Paige,39
Halle,38
Megan,38
Ailsa,37
Annabelle,37
Aoife,37
Arya,39
Elena,37
Iris,37
Keira,37
Lottie,37
Faith,36
Harriet,36
Lara,36
Rachel,36
Rosa,36
Lucia,35
Beth,34
Gabriella,34
Lacey,34
Alexandra,33
Alyssa,33
April,33
Arianna,33
Eleanor,33
Laura,33
Savannah,33
Elise,32
Louisa,32
Mollie,32
Victoria,32
Eliza,31
Belle,30
Indie,31
Maddison,30
Sara,30
Liliana,29
Zofia,29
Autumn,28
Ayda,28
Darcey,28
Jasmine,28
Lucie,28
Harlow,28
Lillie,27
Natalia,27
Neve,27
Remi,30
Alexis,28
Blake,135
Lois,26
Martha,26
Norah,26
Tilly,26
Elodie,25
Marnie,25
Naomi,25
Saoirse,25
Alex,94
Caitlin,24
Cali,24
Charley,29
Eloise,24
Emilie,24
Frankie,86
Isobel,24
Maggie,24
Maja,24
Zoey,24
Aaliyah,23
Arabella,23
Ariella,23
Bethany,23
Catherine,23
Edith,23
Lauren,23
Francesca,22
Jessie,22
Jorgie,22
Lexie,22
Orlagh,22
Peyton,22
Pippa,22
Zuzanna,22
Carly,21
Maci,21
Macie,21
Reeva,21
Rhea,21
Anya,20
Caoimhe,20
Connie,20
Fern,20
Macy,20
Maia,20
Skylar,21
Billie,19
Fearne,19
Libby,19
Orlaith,19
Addison,18
Anastasia,18
Ella-Rose,18
Elle,18
Hazel,18
Nora,18
Stella,18
Taylor,34
Amaya,17
Ciara,17
Dakota,17
Darci,17
Fatima,17
Kara,17
Nadia,17
Nieve,17
Noor,17
Nylah,17
Astrid,16
Caitlyn,16
Erica,16
Hayley,16
Kacey,17
Khloe,16
Lyra,16
Maisy,16
Mara,16
Oliwia,16
Zahra,16
Aimee,15
Ana,15
Annabel,15
Ariah,15
Casey,29
Elspeth,15
Faye,15
Freyja,15
India,15
Isabelle,15
Kali,15
Kate,15
Lana,15
Lydia,15
Macey,15
Maeve,15
Melissa,15
Payton,16
Skyla,15
Valentina,15
Alicja,14
Alisha,14
Ayesha,14
Brooklyn,23
Carmen,14
Laila,14
Mabel,14
Mary,14
Morven,14
Nicole,14
Talia,14
Alicia,13
Allie,13
Breagha,13
Edie,13
Ellen,13
Kendall,13
Mairi,13
Margot,13
Marley,20
Mylah,13
Paisley,13
Perrie,13
Rae,15
Vaila,13
Alana,12
Aliyah,12
Amara,12
Ariya,12
Avery,18
Blaire,13
Cassie,12
Cleo,12
Heather,12
Helena,12
Jennifer,12
Kayleigh,12
Kiara,12
Leia,12
Leila,12
Lila,12
Michelle,12
Morgan,18
Nevaeh,12
Pola,12
Vanessa,12
Winter,13
Abby,11
Aisha,11
Alivia,11
Amelia-Rose,11
Arla,11
Arwen,11
Aubrey,11
Aurelia,11
Aurla,11
Christina,11
Effie,11
Esther,11
Felicity,11
Georgina,11
Islay,11
Kady,11
Kiera,11
Klara,11
Kornelia,11
Lilah,11
Lilia,11
Milana,11
Miley,11
Zainab,11
Ailie,10
Aleksandra,10
Dani,10
Delilah,10
Ebony,10
Emmie,10
Everly,11
Fiadh,10
Fiona,10
Gabrielle,10
Hailey,10
Inaaya,10
Lillian,10
Lilly-Mae,10
Louise,10
Maryam,10
Meghan,10
Myah,10
Nancy,10
Nela,10
Nuala,10
Olive,10
Orlah,10
Romy,10
Seren,10
Sloane,10
Tiana,10
Wynter,10
