Olivia,444
Emily,423
Isla,383
Sophie,331
Amelia,312
Ella,295
Ava,292
Grace,286
Aria,272
Jessica,262
Charlotte,246
Sophia,227
Freya,226
Lucy,221
Lily,219
Evie,212
Harper,191
Ellie,189
Eilidh,179
Mia,174
Millie,164
Anna,156
Emma,152
Ruby,152
Maisie,151
Rosie,150
Georgia,148
Eva,145
Chloe,143
Poppy,138
Orla,136
Holly,127
Hannah,125
Erin,124
Willow,124
Ivy,121
Mila,119
Esme,118
Layla,118
Sofia,117
Isabella,114
Robyn,109
Sienna,109
Skye,108
Zara,108
Alice,106
Maya,104
Emilia,102
Daisy,101
Katie,95
Niamh,94
Amber,92
Rose,89
Molly,86
Zoe,84
Abigail,83
Iona,83
Leah,78
Hallie,77
Thea,77
Gracie,74
Lilly,74
Hollie,72
Imogen,71
Cara,69
Ayla,68
Cora,67
Elsie,63
Bella,62
Phoebe,62
Summer,60
Ada,59
Bonnie,59
Julia,59
Amelie,58
Brooke,58
Matilda,57
Callie,56
Maria,56
Piper,56
Darcy,55
Luna,54
Lola,53
Aila,52
Lexi,52
Rebecca,51
Hope,50
Penelope,50
Kayla,49
Rowan,49
Clara,48
Georgie,48
Lena,48
Sadie,48
Aurora,47
Eden,47
Florence,47
Nina,47
Quinn,47
Violet,47
Amy,46
Eve,46
Scarlett,46
Alba,45
Ariana,45
Elizabeth,45
Mya,45
Myla,45
Evelyn,44
Harley,44
Penny,43
Sarah,43
Darcie,42
Heidi,42
Nova,42
Abbie,41
Annie,41
Hanna,40
Madison,40
Flora,39
Lyla,39
Mirren,39
Paige,39
Halle,38
Megan,38
Ailsa,37
Annabelle,37
Aoife,37
Arya,37
Elena,37
Iris,37
Keira,37
Lottie,37
Faith,36
Harriet,36
Lara,36
Rachel,36
Rosa,36
Lucia,35
Beth,34
Gabriella,34
Lacey,34
Alexandra,33
Alyssa,33
April,33
Arianna,33
Eleanor,33
Laura,33
Riley,33
Savannah,33
Elise,32
Louisa,32
Mollie,32
Victoria,32
Eliza,31
Belle,30
Indie,30
Maddison,30
Sara,30
Liliana,29
Zofia,29
Autumn,28
Ayda,28
Darcey,28
Jasmine,28
Lucie,28
Harlow,27
Lillie,27
Natalia,27
Neve,27
Remi,27
Alexis,26
Blake,26
Lois,26
Martha,26
Norah,26
Tilly,26
Elodie,25
Marnie,25
Naomi,25
Saoirse,25
Alex,24
Caitlin,24
Cali,24
Charley,24
Eloise,24
Emilie,24
Frankie,24
Isobel,24
Maggie,24
Maja,24
Zoey,24
Aaliyah,23
Arabella,23
Ariella,23
Bethany,23
Catherine,23
Edith,23
Lauren,23
Francesca,22
Jessie,22
Jorgie,22
Lexie,22
Orlagh,22
Peyton,22
Pippa,22
Zuzanna,22
Carly,21
Maci,21
Macie,21
Reeva,21
Rhea,21
Anya,20
Caoimhe,20
Connie,20
Fern,20
Macy,20
Maia,20
Skylar,20
Billie,19
Ellis,19
Fearne,19
Libby,19
Orlaith,19
Addison,18
Anastasia,18
Charlie,18
Ella-Rose,18
Elle,18
Hazel,18
Nora,18
Stella,18
Taylor,18
Amaya,17
Ciara,17
Dakota,17
Darci,17
Fatima,17
Kara,17
Nadia,17
Nieve,17
Noor,17
Nylah,17
Astrid,16
Caitlyn,16
Erica,16
Hayley,16
Kacey,16
Khloe,16
Lyra,16
Maisy,16
Mara,16
Oliwia,16
Zahra,16
Aimee,15
Ana,15
Annabel,15
Ariah,15
Casey,15
Elspeth,15
Faye,15
Freyja,15
India,15
Isabelle,15
Kali,15
Kate,15
Lana,15
Lydia,15
Macey,15
Maeve,15
Melissa,15
Payton,15
Skyla,15
Valentina,15
Alicja,14
Alisha,14
Ayesha,14
Brooklyn,14
Carmen,14
Laila,14
Mabel,14
Mary,14
Morven,14
Nicole,14
Talia,14
Alicia,13
Allie,13
Breagha,13
Edie,13
Ellen,13
Kendall,13
Mairi,13
Margot,13
Marley,13
Mylah,13
Paisley,13
Perrie,13
Rae,13
River,13
Vaila,13
Alana,12
Aliyah,12
Amara,12
Ariya,12
Avery,12
Blair,12
Blaire,12
Cassie,12
Cleo,12
Heather,12
Helena,12
Jennifer,12
Kayleigh,12
Kiara,12
Leia,12
Leila,12
Lila,12
Michelle,12
Morgan,12
Nevaeh,12
Pola,12
Vanessa,12
Winter,12
Abby,11
Aisha,11
Alivia,11
Amelia-Rose,11
Arla,11
Arwen,11
Aubrey,11
Aurelia,11
Aurla,11
Christina,11
Effie,11
Esther,11
Felicity,11
Georgina,11
Islay,11
Kady,11
Kiera,11
Klara,11
Kornelia,11
Lilah,11
Lilia,11
Milana,11
Miley,11
Zainab,11
Ailie,10
Aleksandra,10
Dani,10
Delilah,10
Ebony,10
Emmie,10
Everly,10
Fiadh,10
Fiona,10
Gabrielle,10
Hailey,10
Inaaya,10
Lillian,10
Lilly-Mae,10
Louise,10
Maryam,10
Meghan,10
Myah,10
Nancy,10
Nela,10
Nuala,10
Olive,10
Orlah,10
Romy,10
Seren,10
Sloane,10
Tiana,10
Wynter,10
Alexa,9
Alia,9
Amira,9
Annalise,9
Athena,9
Beau,9
Cerys,9
Chelsea,9
Claudia,9
Constance,9
Diana,9
Emmy,9
Etta,9
Ferne,9
Gabriela,9
Hana,9
Harleigh,9
Jess,9
Jorgia,9
Josephine,9
Josie,9
Keeva,9
Margaret,9
Meadow,9
Melody,9
Meredith,9
Mhairi,9
Milena,9
Milly,9
Murron,9
Natalie,9
Neave,9
Neive,9
Polly,9
Rebekah,9
Shelby,9
Tia,9
Wiktoria,9
Zoya,9
Ailish,8
Alix,8
Aliza,8
Anabia,8
Andi,8
Aya,8
Calla,8
Camilla,8
Carys,8
Catriona,8
Charli,8
Demi,8
Elyse,8
Emelia,8
Esmee,8
Fallon,8
Farah,8
Honor,8
Isabel,8
Izzy,8
Juno,8
Katy,8
Kenzie,8
Kianna,8
Kyla,8
Lacie,8
Leona,8
Lia,8
Malia,8
Miah,8
Nellie,8
Robin,8
Rona,8
Wren,8
Abbey,7
Aida,7
Aiyla,7
Alaina,7
Alannah,7
Antonina,7
Ariyah,7
Ava-Rose,7
Ayat,7
Bailey,7
Bobbi,7
Brodie,7
Carla,7
Cassidy,7
Claire,7
Devon,7
Eira,7
Eliana,7
Erika,7
Esmae,7
Floraidh,7
Genevieve,7
Hailie,7
Inaya,7
Joni,7
Joy,7
Kacie,7
Kaitlyn,7
Karlie,7
Kennedy,7
Kirsty,7
Leyla,7
Lily-Rose,7
Lina,7
Livia,7
Lori,7
Luci,7
Madeleine,7
Mairead,7
Marlie,7
Melanie,7
Minnie,7
Natasha,7
Nola,7
Olivia-Rose,7
Philippa,7
Pixie,7
Rhona,7
Ruth,7
Safa,7
Sorcha,7
Vienna,7
Zaynab,7
Abi,6
Adaline,6
Agnes,6
Ailidh,6
Aiza,6
Aizah,6
Alanna,6
Alexandria,6
Amal,6
Annabella,6
Audrey,6
Ava-Grace,6
Barbara,6
Beatrice,6
Chiara,6
Danielle,6
Elara,6
Emeli,6
Emelie,6
Emmeline,6
Eshaal,6
Eva-Rose,6
Farrah,6
Gemma,6
Gianna,6
Gracie-Mae,6
Hafsa,6
Hania,6
Haniya,6
Harmony,6
Hiba,6
Hoorain,6
Ida,6
Iga,6
Imaan,6
Ivy-Rose,6
Jagoda,6
Jenna,6
Joanna,6
Juliet,6
Juliette,6
Kaia,6
Karis,6
Karolina,6
Katherine,6
Kayley,6
Khadijah,6
Kiana,6
Laurie,6
Leela,6
Leen,6
Lennox,6
Lilianna,6
Luisa,6
Mae,6
Michalina,6
Miriam,6
Murrin,6
Myra,6
Nell,6
Nia,6
Noa,6
Nyla,6
Ophelia,6
Phoenix,6
Pyper,6
Raven,6
Rhia,6
Roma,6
Rosalie,6
Rosemary,6
Roxy,6
Samantha,6
Serena,6
Syeda,6
Sylvie,6
Tabitha,6
Tillie,6
Verity,6
Viola,6
Vivienne,6
Aaira,5
Adriana,5
Ailey,5
Aivah,5
Alessia,5
Alexia,5
Alina,5
Aminah,5
Amna,5
Anastazja,5
Anaya,5
Andie,5
Angel,5
Angela,5
Annika,5
Antonia,5
Aria-Rose,5
Ashley,5
Aubree,5
Avah,5
Beatrix,5
Caris,5
Cayla,5
Cecilia,5
Celia,5
Courtney,5
Daria,5
Darla,5
Elaina,5
Elisa,5
Ella-May,5
Ellie-Mae,5
Elsa,5
Emmi,5
Evangeline,5
Fatimah,5
Frances,5
Harper-Rose,5
Harriett,5
Iqra,5
Isha,5
Isla-Rose,5
Isra,5
Ivanna,5
Jana,5
Jemima,5
Jenny,5
Jorja,5
Kaci,5
Kaja,5
Kallie,5
Karley,5
Keevah,5
Kelsey,5
Kendal,5
Khadija,5
Kira,5
Leigha,5
Lilian,5
Lilly-Rose,5
Lily-May,5
Mackenzie,5
Madeline,5
Maiya,5
Manha,5
Mariam,5
Marika,5
Martyna,5
Mckenzie,5
Merida,5
Mikayla,5
Millie-Rose,5
Murren,5
Mylie,5
Noelle,5
Novah,5
Ottilie,5
Petra,5
Primrose,5
Reagan,5
Remy,5
Renee,5
Ria,5
Scarlet,5
Selena,5
Sierra,5
Sophia-Grace,5
Starr,5
Stevie,5
Sylvia,5
Tala,5
Tallulah,5
Tara,5
Teagan,5
Thalia,5
Theia,5
Veronica,5
Aaria,4
Aayat,4
Adele,4
Adeline,4
Aela,4
Ailith,4
Aiman,4
Aine,4
Alayna,4
Aleah,4
Aleeza,4
Alesha,4
Alisa,4
Aliya,4
Allegra,4
Alma,4
Alya,4
Amalia,4
Amari,4
Amelia-Grace,4
Amie,4
Amiyah,4
Anayah,4
Anja,4
Arina,4
Aura,4
Averie,4
Ayana,4
Aylah,4
Ayleigh,4
Aysha,4
Bianca,4
Bianka,4
Bonni,4
Bria,4
Brianna,4
Bronwyn,4
Cameron,4
Camille,4
Carina,4
Carrie,4
Cassandra,4
Ceitidh,4
Clarke,4
Dahlia,4
Daisey,4
Daniela,4
Daphne,4
Daya,4
Demi-Leigh,4
Destiny,4
Dorothy,4
Ella-Grace,4
Emily-Rose,4
Emme,4
Enya,4
Ffion,4
Freja,4
Giovanna,4
Haleema,4
Haneen,4
Harlie,4
Inayah,4
Ingrid,4
Jaime,4
Jamie,4
Kaiya,4
Karina,4
Kasey,4
Katelyn,4
Kaya,4
Kaycie,4
Kyra,4
Laya,4
Layla-Rose,4
Lea,4
Leanna,4
Leja,4
Lexii,4
Liana,4
Lilli,4
Lisa,4
Marcie,4
Marie,4
Marina,4
Marla,4
Michaela,4
Mirin,4
Mirryn,4
Monroe,4
Nelly,4
Nicola,4
Pamela,4
Parker,4
Paula,4
Poppie,4
Princess,4
Rachael,4
Rania,4
Raya,4
Rayna,4
Rayne,4
Reese,4
Rhiannon,4
Rio,4
Rita,4
Rosanna,4
Roxanne,4
Ruby-Rose,4
Sana,4
Sasha,4
Saskia,4
Scout,4
Shay,4
Sia,4
Skyler,4
Stefania,4
Stephanie,4
Stevi,4
Sunny,4
Susie,4
Tegan,4
Tessa,4
Thora,4
Umaiza,4
Una,4
Yana,4
Zarah,4
Zelda,4
Aaila,3
Adalyn,3
Adelina,3
Adia,3
Adley,3
Adrianna,3
Aeryn,3
Afton,3
Aisling,3
Alaya,3
Alise,3
Alison,3
Alissa,3
Alissia,3
Ameerah,3
Amilia,3
Andii,3
Anita,3
Anne,3
Ariel,3
Ariela,3
Arizona,3
Arwa,3
Aryah,3
Aryia,3
Aspen,3
Ava-May,3
Avanna,3
Ayah,3
Ayra,3
Beatriz,3
Betsy,3
Bibiana,3
Blanka,3
Blythe,3
Brea,3
Breanna,3
Bronagh,3
Bryony,3
Cadence,3
Camryn,3
Cassia,3
Catalina,3
Cece,3
Celine,3
Clio,3
Clodagh,3
Coral,3
D'arcy,3
Danni,3
Dara,3
Deborah,3
Dina,3
Ebony-Rose,3
Eevie,3
Effy,3
Elia,3
Elif,3
Ella-Mae,3
Elouise,3
Elsie-Mae,3
Emaan,3
Eman,3
Emery,3
Emilia-Rose,3
Emilie-Rose,3
Emma-Rose,3
Eryn,3
Erynn,3
Everleigh,3
Evie-Rose,3
Fia,3
Franki,3
Freyah,3
Frida,3
Gaia,3
Giorgia,3
Hadley,3
Hafsah,3
Harli,3
Harlo,3
Hawa,3
Hayleigh,3
Helen,3
Honey,3
Huda,3
Iman,3
Inara,3
Indi,3
Isobelle,3
Izabela,3
Izabella,3
Jade,3
Jamie-Leigh,3
Jannat,3
Jessika,3
Jocelyn,3
Jodi,3
Jodie,3
Joelle,3
Jorji,3
Juliana,3
Julie,3
Juniper,3
Jura,3
Kadie,3
Kaila,3
Kalia,3
Karli,3
Karly,3
Kassidy,3
Kathryn,3
Khushi,3
Kirstin,3
Kourtney,3
Lake,3
Leah-Rose,3
Leena,3
Leigh,3
Leonie,3
Leora,3
Lianna,3
Lillianna,3
Lilly-May,3
Liusaidh,3
Liv,3
Logan,3
Lorelai,3
Lorena,3
Luciana,3
Lucja,3
Lula,3
Luna-May,3
Lylah,3
Maddie,3
Magdalena,3
Makayla,3
Maliyah,3
Marcella,3
Marcy,3
Margo,3
Marlowe,3
Marni,3
Marta,3
Martina,3
Matylda,3
Mavis,3
Maxine,3
May,3
Mayah,3
Meabh,3
Meerab,3
Milah,3
Mina,3
Mira,3
Mirrin,3
Miya,3
Monika,3
Morag,3
Muireann,3
Nara,3
Natalya,3
Nel,3
Nikola,3
Niomi,3
Octavia,3
Olivia-Grace,3
Olivia-May,3
Oonagh,3
Orlaigh,3
Paris,3
Paulina,3
Pearl,3
Peighton,3
Pennie,3
Perri,3
Poppi,3
Presley,3
Ramona,3
Rana,3
Reem,3
Reva,3
Rey,3
Rhyleigh,3
Rital,3
Roisin,3
Romi,3
Rosalyn,3
Roza,3
Runa,3
Rylie,3
Saanvi,3
Sabrina,3
Safaa,3
Salma,3
Sapphire,3
Saylor,3
Sham,3
Shannon,3
Shea,3
Shiloh,3
Sienna-Rose,3
Sila,3
Simona,3
Simrah,3
Siobhan,3
Sky,3
Sofie,3
Soraya,3
Susanna,3
Tahlia,3
Teigan,3
Tess,3
Theodora,3
Tierney,3
Toni,3
Vera,3
Vivien,3
Winnie,3
Yasmin,3
Yusra,3
Zoha,3
Zola,3
Zuri,3
Aadhya,2
Aadya,2
Aalia,2
Aariyah,2
Aarunya,2
Aasiyah,2
Abbi,2
Abeeha,2
Abiha,2
Adelaide,2
Adelyn,2
Adrija,2
Afnan,2
Afrin,2
Agata,2
Aileana,2
Ailis,2
Ainsley,2
Airlie,2
Aiya,2
Akeelah,2
Akira,2
Alaa,2
Alayah,2
Alecia,2
Aleena,2
Aleeya,2
Aleigha,2
Alena,2
Alesia,2
Alessandra,2
Ali,2
Aliana,2
Alishba,2
Alivia-Rose,2
Allison,2
Alva,2
Alys,2
Alysha,2
Alyvia,2
Alyx,2
Amaal,2
Amanda,2
Amani,2
Amayah,2
Amber-Leigh,2
Ameera,2
Amelia-Jean,2
Amelija,2
Amily,2
Amiya,2
Amy-Leigh,2
Amylee,2
Anabella,2
Anais,2
Anaisa,2
Andrea,2
Andrena,2
Angelica,2
Angelina,2
Ania,2
Anisia,2
Anna-Maria,2
Anna-May,2
Annalyse,2
Aoibhinn,2
Aphrodite,2
Ara,2
Arayah,2
Aria-Violet,2
Ariadne,2
Ariane,2
Arianne,2
Arielle,2
Ariyana,2
Arlo,2
Arria,2
Artemis,2
Arya-Grace,2
Aseel,2
Ashleigh,2
Asia,2
Asiya,2
Asiyah,2
Aster,2
Atlanta,2
Aurlah,2
Ava-Louise,2
Ava-Mae,2
Avleen,2
Aydah,2
Ayomide,2
Ayrah,2
Ayva,2
Ayvah,2
Aziza,2
Baillie,2
Beaux,2
Becca,2
Bella-May,2
Bella-Rose,2
Billie-Jo,2
Bisma,2
Blayke,2
Blayne,2
Blayr,2
Blessing,2
Blossom,2
Bobbie,2
Bree,2
Briana,2
Bridget,2
Brie,2
Brogan,2
Brooklynn,2
Cadha,2
Caelyn,2
Caila,2
Cailyn,2
Cait,2
Calli,2
Callia,2
Callie-Rose,2
Caragh,2
Carlie,2
Carmela,2
Cecily,2
Ceit,2
Celeste,2
Chanel,2
Chantelle,2
Charleigh,2
Charlie-Rose,2
Charlotte-Elizabeth,2
Charly,2
Chikaima,2
Chikamso,2
Chimamanda,2
Chrissie,2
Christabel,2
Ciana,2
Clarissa,2
Corah,2
Crystal,2
Cyra,2
Daisie,2
Daisy-Mae,2
Dalia,2
Dallas,2
Dana,2
Danaya,2
Dania,2
Davina,2
Dawn,2
Daytona,2
Deanna,2
Dee,2
Denver,2
Devyn,2
Dionne,2
Divine,2
Diya,2
Dobrawa,2
Dominika,2
Dua,2
Duaa,2
Eabha,2
Eadie,2
Eboni,2
Eevee,2
Eiliyah,2
Eimear,2
Eireann,2
Eiva,2
Ela,2
Eleana,2
Eleanora,2
Eleni,2
Elinor,2
Elisha,2
Elishka,2
Eliska,2
Ella-Jane,2
Ella-Louise,2
Ella-Marie,2
Ellie-Anna,2
Ellie-Jay,2
Ellie-Marie,2
Ellie-May,2
Ellie-Rose,2
Elliot,2
Elowyn,2
Elsy,2
Emelia-Rose,2
Emersyn,2
Emi,2
Emie,2
Emileigh,2
Emili,2
Emilie-Grace,2
Emilija,2
Emillie,2
Emma-Louise,2
Emmylou,2
Ensley,2
Eriska,2
Eshal,2
Evan,2
Everley,2
Evie-May,2
Fae,2
Fara,2
Farryn,2
Fatma,2
Fergie,2
Forrest,2
Gaby,2
Georgi,2
Georgie-Rose,2
Giana,2
Giuliana,2
Goldie,2
Gracie-Leigh,2
Gracie-May,2
Greta,2
Grier,2
Gwendolyn,2
Haddy,2
Hadiya,2
Hadiyah,2
Hadleigh,2
Hala,2
Haley,2
Halima,2
Halimah,2
Halley,2
Hally,2
Hareem,2
Harlyn,2
Harper-Leigh,2
Harper-Rae,2
Harriette,2
Harum,2
Hattie,2
Havana,2
Havanna,2
Haven,2
Hira,2
Holland,2
Ilaria,2
Imani,2
Indi-Rose,2
Indigo,2
Ines,2
Inga,2
Ioana,2
Irene,2
Irha,2
Ishbel,2
Ivana,2
Ivie,2
Iyla,2
Jacqueline,2
Jaimee,2
Janet,2
Jasleen,2
Jasmina,2
Jasmyn,2
Jayda,2
Jesse,2
Jo,2
Joanie,2
Johanna,2
Jojo,2
Jolene,2
Jordyn,2
Kaela,2
Kaelah,2
Kailah,2
Kaira,2
Kaisey,2
Kamsiyochukwu,2
Karah,2
Karla,2
Kassie,2
Katarina,2
Kayci,2
Kaysie,2
Keiara,2
Kelis,2
Kelly,2
Kelsie,2
Kendra,2
Kerry,2
Keziah,2
Khaira,2
Khali,2
Kharis,2
Kinley,2
Kinsley,2
Kirsten,2
Kiva,2
Kleo,2
Kodie,2
Kora,2
Korra,2
Kristie,2
Kya,2
Lacy,2
Laiba,2
Lailah,2
Lainey,2
Lanah,2
Laurel,2
Lauryn,2
Layan,2
Laylah,2
Leda,2
Leighla,2
Leilani,2
Lela,2
Leoni,2
Letitia,2
Lexxi,2
Lexy,2
Lili,2
Lilidh,2
Lillie-Ann,2
Lillie-Jane,2
Lillie-Mae,2
Lily-Grace,2
Lily-Mae,2
Lilyrose,2
Lindsay,2
Linnea,2
Lizzie,2
Lola-Rose,2
Lorelei,2
Lotti,2
Lucca,2
Lucinda,2
Lux,2
Lyana,2
Lyla-Grace,2
Maaya,2
Macie-Leigh,2
Maddison-Grace,2
Madelyn,2
Maggi,2
Maheen,2
Maheera,2
Mahira,2
Maira,2
Maisey,2
Maizie,2
Mali,2
Malika,2
Mallie,2
Marah,2
Marcelina,2
Marisa,2
Marlow,2
Massa,2
Mayar,2
Maycie,2
Mayla,2
Maysie,2
Meah,2
Mehar,2
Mehreen,2
Meliha,2
Melita,2
Mercedes,2
Mercy,2
Merryn,2
Mia-Rose,2
Mila-Rose,2
Milan,2
Milda,2
Milita,2
Millar,2
Millicent,2
Millie-May,2
Minahil,2
Mirha,2
Mishka,2
Miyah,2
Miylah,2
Moira,2
Molli,2
Mona,2
Montana,2
Mylee,2
Myrren,2
Naila,2
Naiomi,2
Naira,2
Nala,2
Narcisa,2
Naya,2
Neala,2
Nelle,2
Nelli,2
Neva,2
Nevah,2
Nico,2
Nicol,2
Nikki,2
Nila,2
Nirvana,2
Nisha,2
Niyah,2
Noah,2
Nova-Lee,2
Novalee,2
Nyra,2
Oakley,2
Obehi,2
Olanna,2
Oluwateniola,2
Omolola,2
Oriana,2
Oumie,2
Paavani,2
Parisa,2
Poppy-Rose,2
Porsha,2
Pria,2
Raevyn,2
Raeya,2
Rahaf,2
Rahela,2
Raina,2
Raine,2
Rayan,2
Razan,2
Rebeca,2
Reign,2
Reina,2
Reya,2
Reyna,2
Rhana,2
Rhianne,2
Rima,2
Riona,2
Ripley,2
Romilly,2
Ronia,2
Rosalia,2
Rosalind,2
Roseanna,2
Roslyn,2
Roux,2
Rowen,2
Roxana,2
Rozalia,2
Rua,2
Ruba,2
Rubi,2
Rubie,2
Rudi,2
Ruqaya,2
Rylee,2
Ryleigh,2
Ryley,2
Sadhbh,2
Saffie,2
Saffron,2
Safiyyah,2
Sage,2
Sahar,2
Salomea,2
Salva,2
Sama,2
Sanaya,2
Sandra,2
Saorsa,2
Sarah-Louise,2
Savanah,2
Savanna,2
Scarlett-Rose,2
Selina,2
Senna,2
Serah,2
Sereani,2
Shravya,2
Shriya,2
Shu,2
Sidney,2
Siena,2
Simone,2
Siya,2
Skyla-Rose,2
Snow,2
Sofija,2
Sofiya,2
Sophia-Rose,2
Sophie-Louise,2
Sophie-May,2
Spencer,2
Stacey,2
Star,2
Storm,2
Suilven,2
Sumayyah,2
Suzanne,2
Sydney,2
Taibah,2
Tali,2
Taliah,2
Tamara,2
Tea,2
Tejashree,2
Tianna,2
Tiegan,2
Tiffany,2
Tori,2
Ula,2
Uma,2
Valerie,2
Vesper,2
Vivian,2
Waad,2
Willow-Rose,2
Winifred,2
Winter-Rose,2
Wynter-Rose,2
Xanthe,2
Yan,2
Yara,2
Yasmeen,2
Yasmina,2
Yasna,2
Yu,2
Zaima,2
Zimal,2
Zirwa,2
Zoja,2
Aaciya,1
Aadyasri,1
Aafia,1
Aafiyah,1
Aahana,1
Aaicha,1
Aaizafatima,1
Aakanksha,1
Aaliyah-Jo,1
Aaliyah-Leigh,1
Aaliyah-Rose,1
Aalvy,1
Aalya,1
Aamaal,1
Aamaiiya,1
Aamiliah,1
Aamina,1
Aaminah,1
Aamirah,1
Aanab,1
Aanya,1
Aara,1
Aaradhya,1
Aarani,1
Aari,1
Aariah,1
Aarika,1
Aarlayah,1
Aarna,1
Aarvi,1
Aarya,1
Aashvi,1
Aayaat,1
Aayah,1
Aayina,1
Aayla-May,1
Aazaria,1
Aazia,1
Abbie-Blossom,1
Abi-Rose,1
Abida,1
Abigael,1
Abigail-Maria,1
Abigale,1
Abira,1
Abrar,1
Abrianna,1
Abrish,1
Abthal,1
Abygael,1
Acacia,1
Adah,1
Adara,1
Adara-Zena,1
Addalyn,1
Addiline,1
Addisen,1
Addison-Grace,1
Addison-Rose,1
Addyson,1
Adel,1
Adela,1
Adelajda,1
Adella,1
Adellie,1
Aden,1
Adetorera,1
Adila,1
Adilee,1
Aditi,1
Adleta,1
Adora-Belle,1
Adria,1
Adrianne,1
Adrielle,1
Adrienne,1
Adunni,1
Aela-Grace,1
Aemilia,1
Aeris,1
Afeen,1
Agatha,1
Agatka,1
Agnieszka,1
Ahdia,1
Ahdiya,1
Ahlee-Grace,1
Ahleia,1
Ahri,1
Aibhe,1
Aicha,1
Aighla,1
Aila-Noor,1
Ailah,1
Ailee,1
Aileese,1
Aileigh,1
Ailey-Rose,1
Ailidh-River,1
Ailise,1
Aillah,1
Aillie,1
Aillise,1
Aima,1
Aimee-Leigh,1
Aimi,1
Ainslie,1
Aira,1
Airah,1
Airanna,1
Airyn,1
Aishah,1
Aisla,1
Aislinn,1
Aitana,1
Aiyana,1
Aji,1
Ajooni,1
Ajradah,1
Ajsa,1
Ajwa,1
Ajwah,1
Akemi,1
Akunna,1
Alabama,1
Alaia,1
Alainna,1
Alanah,1
Alanis,1
Alara,1
Alaria,1
Alaska,1
Alayla,1
Alazne,1
Alba-Crystal,1
Alba-Rose,1
Alberta,1
Albylsan,1
Aleecia,1
Aleenna,1
Aleesha,1
Aleeyah,1
Aleezay,1
Aleia,1
Aleira,1
Aleka,1
Alessa,1
Alexena,1
Alexia-Rose,1
Alexina,1
Alexxa,1
Aleya,1
Alhanouf,1
Ali-Mae,1
Aliah,1
Alianna,1
Aliki,1
Alima,1
Aliona,1
Alishka,1
Alivienne,1
Alix-Jai,1
Aliza-Bella,1
Alizay,1
Allana,1
Allana-Mae,1
Allanah,1
Allannah,1
Allara,1
Alle,1
Alleigha,1
Alliya,1
Allyssa,1
Almina,1
Alona,1
Alora,1
Althea,1
Alyae,1
Alyah,1
Alysia,1
Alyssa-Jane,1
Alyssa-Rose,1
Alyssia,1
Alystia,1
Alyth,1
Alzahra,1
Amaara,1
Amaarah,1
Amabel,1
Amaidh,1
Amaiya,1
Amaiyah-Rose,1
Amalie,1
Amanaweet,1
Amarachi,1
Amarachukwu,1
Amarah,1
Amari-Rose,1
Amaria,1
Amaris,1
Amber-Grace,1
Amber-Jay,1
Amber-Louise,1
Amber-May,1
Amber-Rose,1
Ameiliarose,1
Amelia-Kate,1
Amelia-Leigh,1
Amelia-Lilly,1
Amelia-Lily,1
Amelia-Sophia,1
Amelia-Yvonne,1
Ameliah,1
Amelie-Quinn,1
Amellia,1
Amellia-Rose,1
Amely-Jane,1
Amelya,1
Amera,1
Amethyst,1
Amhuinn,1
Ami,1
Amielee,1
Amileigh,1
Amilyn,1
Amina,1
Amina-Mariam,1
Aminata,1
Amine,1
Amira-Rose,1
Amirah,1
Amirthini,1
Ammal,1
Amnah,1
Amorelle,1
Amy-Lee,1
Amyrose,1
Anabel,1
Anabelle,1
Anabiya,1
Anah,1
Analeigh,1
Analiyah,1
Anania,1
Anaraa,1
Anaya-Rose,1
Anays,1
Andi-Louise,1
Andreea,1
Aneela,1
Aneesa,1
Aneira-Wren,1
Aneisse,1
Anessa,1
Angel-Chidinma,1
Angel-Esther,1
Angel-Leigh,1
Angel-Rain,1
Angel-Rose,1
Anh,1
Aniella,1
Anika,1
Anina,1
Anisa,1
Anisha,1
Anissa,1
Aniya,1
Ann,1
Ann-Marie,1
Anna-Fay,1
Anna-Katerina,1
Anna-Lise,1
Anna-Rose,1
Annabell,1
Annabeth,1
Annag,1
Annalina,1
Annalize,1
Annastasia,1
Anne-Marie,1
Anneta,1
Annette,1
Annicia,1
Annie-Rose,1
Annina,1
Annisa,1
Annya,1
Anouk,1
Antonella,1
Anugraha,1
Anuja,1
Anum,1
Anusha,1
Anvika,1
Anyah,1
Anzhi,1
Aqsa,1
Araina,1
Araoluwa,1
Ararose,1
Aratrika,1
Araya,1
Arden,1
Ardyn,1
Areena,1
Arfa,1
Ari,1
Aria-Ann,1
Aria-Belle,1
Aria-Hope,1
Ariaa,1
Ariah-Grace,1
Arialeigh,1
Ariann,1
Ariannah,1
Aridunnu,1
Ariebella,1
Ariele,1
Ariell,1
Arielle-Rose,1
Arife,1
Arijiele,1
Ariya-Rayne,1
Arla-Rose,1
Arlah,1
Arlay,1
Arlie,1
Arlow,1
Arlyn,1
Armaal,1
Armelle,1
Aroa,1
Arrabella,1
Arrabelle,1
Artemees,1
Arunaseva,1
Arwyn,1
Aryana,1
Arysa,1
Ascia,1
Asdis,1
Asha,1
Ashira,1
Ashlesha,1
Ashlyn,1
Asina,1
Aslihan,1
Aspyn-Milania,1
Asta,1
Astra,1
Asuna,1
Aten,1
Athina,1
Aubray,1
Auden,1
Audrianna,1
August,1
Auralei,1
Aure,1
Aurelie,1
Aurey,1
Auriah,1
Auriana,1
Aurora-Rose,1
Auryn,1
Austyn,1
Ava-Elizabeth,1
Ava-Lilly,1
Ava-Lily,1
Ava-Mai,1
Ava-Marie,1
Ava-Noor,1
Avah-Grace,1
Avah-Leigh,1
Avah-Remi,1
Avalouise,1
Avalyn,1
Avana,1
Avani,1
Avannah-Rose,1
Avanthika,1
Avara-Rachel,1
Avarobin,1
Avey,1
Aviana,1
Avianah,1
Avie,1
Avisha,1
Avril,1
Awia,1
Ayaat,1
Ayan,1
Ayanda,1
Ayanna,1
Ayawa,1
Ayeesha,1
Ayeza,1
Ayla-Neve,1
Ayla-Nur,1
Ayla-Sway,1
Aylee,1
Ayleesha,1
Aylie,1
Ayllie,1
Ayllis,1
Ayni,1
Aynoor,1
Ayvah-Mai,1
Ayza,1
Azalea,1
Azaria,1
Azealia,1
Baby,1
Bailie,1
Bali,1
Bana,1
Barirah,1
Basma,1
Baylie,1
Beatrice-Stefania,1
Bee,1
Belinda,1
Bella-Amber,1
Bella-Mai,1
Bella-Sophia,1
Bellah,1
Beloslava,1
Benedicta,1
Benedita,1
Bernie,1
Berri,1
Berrie,1
Bertha,1
Bessie,1
Bessy,1
Bethan,1
Bethel,1
Betsi,1
Betsie,1
Betty-Lou,1
Bexley,1
Bhavika,1
Bhavroop,1
Bhavyasri,1
Biba,1
Biddy,1
Billie-Beau,1
Billie-Joe,1
Binnie,1
Binta,1
Bintou,1
Birdie,1
Birgul,1
Blake-Eva,1
Blanca,1
Blare,1
Bllyss,1
Bluebell,1
Bobbi-Jo,1
Bodhi-Skye,1
Boglarka,1
Bogna,1
Bojanka,1
Boni,1
Bonita,1
Bonnie-Roze,1
Boudicca,1
Bow,1
Bowie,1
Bozena,1
Brackyn,1
Breah,1
Breeanne,1
Breia,1
Breigha,1
Breiya,1
Brenna,1
Brianagh,1
Briar,1
Brielle,1
Brienna,1
Brinna,1
Brodi-Georgia,1
Broghan,1
Bronte,1
Bronwen,1
Brooke-Ashley,1
Brora,1
Bruke,1
Bryar,1
Brynn,1
Bryoni,1
Buthaynah,1
Cacie-Leigh,1
Caelagh,1
Caelah,1
Caelan,1
Cafia,1
Cahli-Aryah,1
Cahlysi,1
Caida,1
Caidie,1
Cailey,1
Cailin-Marie,1
Caishlyn,1
Caiside,1
Caitie,1
Caleigh,1
Caleila,1
Cali-Jae,1
Cali-Rose,1
Calia,1
Calie,1
Calise,1
Calista,1
Callaigh,1
Calleigh,1
Calley,1
Callie-Jane,1
Callie-Louise,1
Calliesi,1
Calliope,1
Callista,1
Callumina,1
Cally,1
Cally-Jo,1
Camdyn,1
Cami,1
Camikah,1
Camila,1
Cammie,1
Candice,1
Cannes,1
Caoilainn,1
Caoileann,1
Caoimhe-Louisa,1
Carah-Lee,1
Cardi,1
Carley,1
Carli,1
Carly-Rae,1
Carmel,1
Carmena,1
Carolina,1
Caroline,1
Carson,1
Carter,1
Casey-Leigh,1
Casia,1
Casie-Leigh,1
Cassi,1
Catrin,1
Caycie,1
Cayetana,1
Cecile,1
Cecylia,1
Ceilidh,1
Ceitlin,1
Celena,1
Ceris,1
Cerise,1
Cerys-Rose,1
Chaarvi,1
Chakavak,1
Chandanaa,1
Chanel-Levi,1
Chanreet,1
Charanjot,1
Chardonnay-Zoe,1
Charis,1
Charlee,1
Charlee-Rose,1
Charlene,1
Charley-Quinn,1
Charlize,1
Charlye,1
Che,1
Chelsea-Jo,1
Chelsey,1
Chenaaya,1
Cher,1
Cherlilah,1
Chi,1
Chiazam,1
Chibogu,1
Chikamdabere,1
Chilel,1
Chinenye,1
Chiyoko,1
Chizara,1
Chloe-Elizabeth,1
Chrisbeil,1
Chrislin,1
Chrissy,1
Chrissy-Leigh,1
Christell,1
Christie,1
Christina-Ann,1
Christine,1
Christy,1
Ciarra,1
Cierrah,1
Ciorstaidh,1
Clairisa,1
Claudine,1
Clemency,1
Clementine,1
Cleo-Mae,1
Cleodie,1
Cloe,1
Clover,1
Coco,1
Coco-Blossom,1
Codi,1
Cody,1
Colbie,1
Cole,1
Coley-Rose,1
Conie,1
Contessa,1
Cora-Mae,1
Corin,1
Corinna,1
Corinne,1
Corra,1
Corrie,1
Corrina,1
Corynn,1
Cosima,1
Courtney-Rae,1
Crissie,1
Cristina,1
Csenge,1
Cyan,1
Cydele,1
Daad,1
Daanya,1
Daberechi,1
Dagmar,1
Daisie-Mae,1
Daisy-Leigh,1
Daisy-Mai,1
Daizy,1
Dajana,1
Dakota-Jacqueline,1
Dakota-Rose,1
Dalal,1
Danica,1
Daniella,1
Danielle-Jade,1
Danika,1
Daniyah,1
Danni-Jo,1
Dannika,1
Dantoni,1
Danya,1
Darah,1
Darby,1
Darci-Leigh,1
Darci-May,1
Darcie-Anne,1
Darcie-Drew,1
Darcie-Lee,1
Darcie-Leigh,1
Darcie-Rae,1
Darcie-Rose,1
Darcii,1
Darcy-Grace,1
Dareen,1
Darian,1
Darlie,1
Darlyse,1
Darrah,1
Darrah-Grace,1
Dava,1
Daveigh,1
Davi,1
Dayana,1
Daysie,1
Dearbhla,1
Debbie,1
Deeba,1
Deem,1
Deena,1
Deina,1
Delaney,1
Delarosa,1
Delilah-Jo,1
Delylah,1
Demi-Louise,1
Demi-Rose,1
Demileigh,1
Demily,1
Denise,1
Denni,1
Denver-Marie,1
Deona,1
Derri,1
Derry,1
Derya,1
Dessy-Ray,1
Destin,1
Destiny-Dior,1
Devahn,1
Devynn,1
Dhailey,1
Dhani,1
Dhanvika,1
Dhanya,1
Dhanyasri,1
Dhara,1
Dheri,1
Dia,1
Diamond,1
Diane,1
Dilan,1
Dillon,1
Dior,1
Diva,1
Divija,1
Dixie,1
Doilidh,1
Dolcey,1
Dollie,1
Domineka,1
Donna,1
Dora,1
Doroteja,1
Drew,1
Dulcie,1
Duya,1
Dyana,1
Eadith,1
Eala,1
Ebba,1
Ebonie,1
Eden-Lily,1
Eder,1
Edyn,1
Efe,1
Effie-Alice,1
Egle,1
Eilah,1
Eile,1
Eiliah,1
Eilidh-Rose,1
Eilish,1
Eimaan,1
Eiman,1
Eirinn,1
Eiryn,1
Eirynn-Grace,1
Ekam,1
Elaenna,1
Elaf,1
Elaiya,1
Elanor,1
Elanur,1
Elaya,1
Elci,1
Elea,1
Eleah,1
Eleen,1
Eleesa,1
Elena-May,1
Eleni-Sofia,1
Eleonor,1
Eleonora,1
Elfie,1
Eliah,1
Elianna,1
Elicia,1
Elin,1
Elina,1
Eliose,1
Elis,1
Elisabet,1
Elisabeth,1
Elissa,1
Eliyah,1
Eliyda,1
Eliza-Jayne,1
Eliza-May,1
Elizabete,1
Elizabeth-Rose,1
Ella-Harper,1
Ella-Isabella,1
Ella-Leigh,1
Ella-Mai,1
Ella-Rae,1
Ella-Skye,1
Elladey,1
Ellah,1
Ellamae,1
Ellaria,1
Elle-Marie,1
Elle-May,1
Elleana,1
Elleigh,1
Ellenor,1
Elli,1
Ellia,1
Ellia-Rose,1
Elliana,1
Ellie-Ann,1
Ellie-C,1
Ellie-Jane,1
Ellie-Leigh,1
Ellie-Louise,1
Ellie-Miah,1
Ellina,1
Elliott,1
Ellise,1
Ellsey-Rae,1
Ellwyn-Grey,1
Elly,1
Elohor,1
Eloisa,1
Elora,1
Elowen,1
Elozino,1
Elsie-May,1
Elva,1
Elyon,1
Elysia-Faith,1
Ema,1
Ema-Maria,1
Ember,1
Ember-Rose,1
Embla,1
Emee,1
Emelia-Rae,1
Emeline,1
Emelisse,1
Emer,1
Emerald,1
Emerie,1
Emese,1
Emie-Lee,1
Emika,1
Emile,1
Emily-Grace,1
Emily-Mae,1
Emily-May,1
Emily-Porscha,1
Emilyrose,1
Emira,1
Emma-Jane,1
Emma-Leigh,1
Emma-Marina,1
Emmie-Rose,1
Emmy-Grace,1
Emna,1
Emnet,1
Emory,1
Emperatriz,1
Emryn-Leigh,1
Ena,1
Enea,1
Enid,1
Ennis,1
Enora,1
Eowyn,1
Ephrata,1
Eppy,1
Era,1
Erha,1
Erily,1
Erin-Grace,1
Erinn,1
Esamay,1
Esma-Isla,1
Esmay,1
Esme-Louise,1
Esmee-Leigh,1
Esmeralda,1
Esmie,1
Esra,1
Essie,1
Estee,1
Estelle,1
Ester,1
Ethyl,1
Ettie,1
Euphemia,1
Eva-Grace,1
Eva-Kristina,1
Evalyn,1
Evalyne,1
Evana,1
Evangelia,1
Evangelina,1
Evanna,1
Eveliina,1
Evelina,1
Everlie,1
Everlyn,1
Evia,1
Evie-Lee,1
Evie-Lily,1
Evie-Mae,1
Evie-Rae,1
Eviee,1
Evoleht,1
Ewa,1
Ewana,1
Ewaoluwa,1
Ewelina,1
Ewellyn,1
Eylul,1
Eyra,1
Eyva,1
Ezmae,1
Ezmay,1
Ezme,1
Ezmie,1
Fabeha,1
Faeryn,1
Faith-Louise,1
Faith-Marie,1
Faiza,1
Faizah,1
Fajr,1
Faliha,1
Fallin,1
Faraday,1
Faria,1
Farida,1
Farrah-Grace,1
Farrah-Payne,1
Farran,1
Faryal,1
Faten,1
Fatiha,1
Favour,1
Fay,1
Fayruz,1
Fayth,1
Ferryn,1
Fianna,1
Fida,1
Figgy,1
Fintry,1
Fiorella,1
Fkrtemariam,1
Floraidh-D'arcy,1
Florina,1
Florrie,1
Franceska,1
Franka,1
Frankie-Nirvana,1
Frankii,1
Frannki,1
Freaha,1
Freda-Rose,1
Frederica,1
Freya-Grace,1
Freya-Lee,1
Freyja-Marie,1
Freyja-Rose,1
Frieza,1
Fro,1
Fyonn,1
Gabriel,1
Gabriella-Grace,1
Gaige,1
Gala,1
Gayle,1
Gelila,1
Genavieve,1
Georgia-Mae,1
Georgia-Rose,1
Georgiana,1
Georgy,1
Ghaisani,1
Ghena,1
Ghily-Mae,1
Gia,1
Gianna-Leigh,1
Gigha,1
Gigi,1
Giliana,1
Gina,1
Ginevra,1
Ginny,1
Gioia,1
Giorgi,1
Giovana,1
Giulia,1
Gloria,1
Gopi,1
Gori,1
Gracey,1
Gracie-James,1
Gracie-Jean,1
Gracie-Rose,1
Graciella,1
Graie,1
Grayslin,1
Greer,1
Greta-Rose,1
Gurman,1
Gurshaan,1
Gursirt,1
Gwendolen,1
Gyunesh,1
Haadiyah,1
Haajira,1
Haania,1
Hadiqa,1
Hailee,1
Hailey-J,1
Hailey-Jay,1
Haillie,1
Hailo,1
Hajar,1
Hajia,1
Hajrah,1
Haleemah,1
Hali,1
Halina,1
Halle-Grace,1
Halle-Rose,1
Halli,1
Hallie-Mae,1
Hallie-Rose,1
Hallie-Sophia,1
Hallihe,1
Hanfa,1
Hanin,1
Haniyah,1
Hannah-May,1
Hanne,1
Haram,1
Harbour,1
Harea,1
Hargun,1
Haris,1
Harlee,1
Harleen,1
Harleigh-Jo,1
Harleigh-Rose,1
Harley-Grace,1
Harley-Rose,1
Harlie-Ella,1
Harlii,1
Harloh,1
Harlowe,1
Harly,1
Harmoni-Helen,1
Harper-Bailey,1
Harper-Eve,1
Harper-Grace,1
Harper-Lee,1
Harper-Lily,1
Harper-Mae,1
Harper-May,1
Harris,1
Harseerat,1
Harvey,1
Hasana,1
Havana-Rose,1
Hawwa,1
Hayla,1
Haylee,1
Hayleigh-Jane,1
Hayley-Jay,1
Hazal,1
Heather-Anne,1
Heaven-Leigh,1
Heidi-May,1
Helene,1
Hema,1
Henley,1
Hephzibah,1
Hermina,1
Hermione,1
Hibba,1
Hibbatur-Rauuf,1
Hidaya,1
Hidayahtol,1
Hifza,1
Hila,1
Hirah,1
Hiteesha,1
Hitiksha,1
Hiyab,1
Holle,1
Hollee,1
Holli,1
Holly-Ann,1
Holy,1
Honey-Bee,1
Honorata,1
Honour,1
Hoorulayn,1
Hosanna,1
Houda,1
Hurrem,1
Ibsitu,1
Ibtihal,1
Iduna,1
Ieva,1
Ifeoma,1
Ifza,1
Iiessa,1
Ilene,1
Ileyana,1
Ilinca,1
Illiyah,1
Ilyana,1
Imisioluwa,1
Imogen-Grace,1
Imogen-Rose,1
Ina,1
Inaara,1
Inabiya,1
Inca,1
Indi-Violet,1
Indiana,1
Indianna,1
Indie-Rayne,1
Indy,1
Indy-Rose,1
Inez,1
Inge,1
Innara,1
Innes,1
Innis,1
Io,1
Ioana-Evelina,1
Ioanna,1
Iqlima,1
Iram,1
Irena,1
Irhaa,1
Irie,1
Isabela,1
Isabele,1
Isabella-Grace,1
Isabella-Rose,1
Isabella-Sophia,1
Isadora,1
Ishara,1
Ishleen,1
Ishmal,1
Ishmeet,1
Isla-Elizabeth,1
Isla-Jane,1
Isla-Jo,1
Isla-Mae,1
Isla-Maree,1
Isla-Marie,1
Isla-May,1
Isla-Skye,1
Islay-Rose,1
Islie,1
Isma,1
Isobella,1
Israa,1
Issol,1
Ivie-Rae,1
Ivy-Grace,1
Ivy-Jayne,1
Ivy-Mae,1
Ivy-Monroe,1
Iwinosa,1
Iyana,1
Iylah-Mae,1
Iza,1
Izaan,1
Izabele,1
Izabellah,1
Izadora,1
Izna,1
Izzabella,1
Izzy-May,1
Jaasritha,1
Jacinth,1
Jackie,1
Jada,1
Jaden,1
Jadzia,1
Jagger,1
Jagna,1
Jaimie,1
Jamelia,1
Jamie-Lee,1
Jamielee,1
Jamilla,1
Janel,1
Janey,1
Janina,1
Janna,1
Japji,1
Jasbir,1
Jaskeerat,1
Jasmeet,1
Jasmin,1
Jasmine-Louise,1
Jasneet,1
Javeria,1
Jaya,1
Jayden,1
Jaye,1
Jaylah,1
Jaymee-Kaydence,1
Jaymeson,1
Jaymie,1
Jayne,1
Jazzlyn,1
Jean,1
Jeeya,1
Jena,1
Jenan,1
Jenelle,1
Jennis,1
Jenny-May,1
Jensyn,1
Jeorjie,1
Jersey,1
Jersi,1
Jesryl,1
Jessi,1
Jessica-Grace,1
Jessica-Jan,1
Jessica-May,1
Jessica-Rose,1
Jessicajane,1
Jessie-May,1
Jesy,1
Jewel,1
Jezebel,1
Jihan,1
Jill,1
Jimena,1
Jinan,1
Jiya,1
Jizl,1
Joah,1
Joan,1
Joannah,1
Joanne,1
Jocie,1
Joey,1
Johanka,1
Jorgi,1
Jorgi-Lee,1
Jorgina,1
Jorgy,1
Jorla,1
Jorunn,1
Jory,1
Josefin,1
Josephina,1
Josie-Leigh,1
Joss,1
Jossilyn,1
Jovita,1
Joy-Hope,1
Joyce,1
Jozie,1
Jude,1
Judy,1
Jule,1
Julianna,1
Julianne,1
Julietta,1
Julija,1
Julita,1
Julitta,1
Jumainah,1
Juman,1
Jumaynah,1
Junat,1
Junu,1
Juory,1
Justina,1
Kaavya,1
Kacey-Leigh,1
Kacey-Marie,1
Kachimsiri,1
Kaci-Leigh,1
Kaci-Mae,1
Kacie-Leigh,1
Kacilee,1
Kacy,1
Kaddy,1
Kadey,1
Kadi,1
Kadija,1
Kadina-Marie,1
Kady-Blair,1
Kady-Leigh,1
Kaedy,1
Kaelyn,1
Kaibah,1
Kaifah,1
Kailey,1
Kailyn,1
Kainat,1
Kaisie,1
Kaitlin,1
Kaitlynne,1
Kaiylah,1
Kaiylese,1
Kaiyrie,1
Kalani,1
Kalby,1
Kalea,1
Kaleesi,1
Kaleia,1
Kali-Ena,1
Kalina,1
Kalisa,1
Kalli,1
Kallisti,1
Kally,1
Kamar,1
Kamden,1
Kameliya,1
Kami,1
Karagh,1
Karcie,1
Kari,1
Karina-Maria,1
Karissa,1
Karleigh,1
Karlin,1
Karrie,1
Karrie-Ann,1
Karsson,1
Kashvika,1
Katalea,1
Katarzyna,1
Katerina,1
Katey,1
Katharine,1
Katherina,1
Kathleen,1
Kathlynne,1
Katia,1
Katia-Marie,1
Katie-Anne,1
Katie-Elizabeth,1
Katie-Jo,1
Katie-Taylor,1
Katrina,1
Katrina-Lee,1
Katya,1
Kavannah,1
Kay,1
Kaycee-Leigh,1
Kayda,1
Kaydee,1
Kaydee-Leigh,1
Kaye,1
Kayla-Marie,1
Kaylah,1
Kaylea,1
Kaylee,1
Kayleece,1
Kayleen,1
Kayli,1
Kaylin,1
Kaylyn,1
Kaylynn,1
Kayra,1
Kaz,1
Kbri,1
Keara,1
Keava,1
Kedd,1
Keegan,1
Keely,1
Kehlani,1
Kehra-Bella,1
Keilidh,1
Keirath,1
Keita,1
Keitlin,1
Kelby,1
Kelci,1
Kelia,1
Kelleighanne,1
Kelley,1
Kellsie,1
Kelly-Anne,1
Kelsa,1
Kelsi,1
Kelsia,1
Kelsie-Mya,1
Keltie,1
Kendra-Rose,1
Kendyl,1
Kenley,1
Kenna,1
Kennedi,1
Kensi,1
Kenzi,1
Kerys,1
Ketanthi,1
Kexin,1
Keyana,1
Keyanna,1
Khadeeja,1
Khaleesi,1
Khaleesi-Marie,1
Khalessia,1
Kharllie,1
Khleo,1
Khlo,1
Khusvika,1
Ki,1
Kia,1
Kiah,1
Kiala,1
Kiana-Grace,1
Kiannah-Lee,1
Kiara-Rose,1
Kiarra,1
Kiaya,1
Kieara-Jay,1
Kieva,1
Kimberly,1
Kindah,1
Kinga,1
Kinjal,1
Kinlaey,1
Kinza,1
Kiriht,1
Kirpa,1
Kisla,1
Kisla-Rose,1
Kiswah,1
Kitara,1
Kittie,1
Kiyaara,1
Kiyah,1
Kiyara,1
Kiyla,1
Kiylah,1
Klaudia,1
Kloe,1
Kodi-Leigh,1
Kodie-Leigh,1
Kody,1
Kordelia,1
Kori,1
Korrin,1
Krishvi,1
Krisiya,1
Kristen,1
Kristin,1
Kristina,1
Krystal,1
Kudzaishe,1
Kuinn,1
Kylah,1
Kylah-Louise,1
Kyleigh,1
Kyler,1
Kyler-Mary,1
Kymanah,1
Kynlie,1
Kynslee,1
Kynthia,1
Kyrah,1
La,1
Lacey-Bella,1
Lacey-Grace,1
Lacey-Lee,1
Lacey-Lou,1
Lacey-Louise,1
Lacey-Mae,1
Lacey-Marie,1
Laci,1
Laci'lee,1
Lacie-Anne,1
Lacie-Leigh,1
Lada,1
Laeigha-Rose,1
Laelynn,1
Laibah-Noor,1
Laiha,1
Laila-Mae,1
Lainie,1
Lais,1
Laiya,1
Laker-Rose,1
Lamara,1
Lamees,1
Lamprini,1
Lana-May,1
Lanagrace,1
Lani,1
Lanja,1
Lanna,1
Lano,1
Laragh,1
Larah,1
Larissa,1
Larrah,1
Larysa,1
Latefa,1
Lateysha,1
Latifah,1
Laura-Ann,1
Laura-Jayne,1
Laveeza,1
Layah,1
Layann,1
Laycee,1
Layci,1
Laycie,1
Layla-Jaxx,1
Layla-Lee,1
Laylah-Marie,1
Layyanah,1
Leah-Faith,1
Leanne,1
Lee,1
Leenah-Batya,1
Leia-Grace,1
Leiana,1
Leighton,1
Leighyah,1
Leili,1
Leliana,1
Lelyan,1
Leni,1
Lennex,1
Lenni,1
Lennix,1
Lennon,1
Lenore,1
Leola,1
Leona-Eloise,1
Leonora,1
Lettie,1
Levi,1
Levi-Rose,1
Lexa,1
Lexi-Jo,1
Lexi-May,1
Lexi-Rose,1
Lhotse,1
Liane,1
Libbie,1
Liberty,1
Lidia,1
Lidiana,1
Lielah,1
Lielle,1
Lien,1
Liesl,1
Lietta,1
Lilie-Mae,1
Lilith,1
Lillah,1
Lilli-Grace,1
Lillia,1
Lillia-Rose,1
Lilliana,1
Lillibet,1
Lillie-Avery,1
Lillie-Grace,1
Lillie-Lexi,1
Lillie-Mai,1
Lillie-Marie,1
Lillie-Rose,1
Lilliie,1
Lilly-Anne,1
Lilly-Grace,1
Lilly-Kate,1
Lilly-Reign,1
Lillymae,1
Lilwen,1
Lily-Anne,1
Lily-Belle,1
Lily-Bow,1
Lily-Jane,1
Lily-Jay,1
Lily-Jean,1
Lily-Lorraine,1
Lily-Mai,1
Lilyana,1
Linda,1
Linnae,1
Lisbeth,1
Liseli,1
Lita,1
Liusaidha,1
Livija,1
Livvi,1
Livy,1
Locklyn,1
Logyn,1
Lojayne,1
Lola-Grace,1
Lolah,1
Lonjexo,1
Lorelle,1
Loreta,1
Lorianna,1
Lorna,1
Lorraine,1
Lorri,1
Lotachi,1
Lote,1
Lotta,1
Lottie-Beau,1
Lotty-Willow,1
Loucia,1
Louella,1
Louisa-Marie,1
Louisa-Nina,1
Louise-May,1
Lowenna,1
Lowri,1
Lowvi,1
Luca-Ray,1
Lucena,1
Luci-Anne,1
Luciah,1
Lucie-May,1
Lucilia,1
Lucille,1
Lucina,1
Lucine,1
Lucy-Jane,1
Lucy-Jo,1
Lucy-Rose,1
Lucyanne,1
Lucyjo,1
Lucyna,1
Ludovica,1
Luella,1
Luiza,1
Lujain,1
Lujane,1
Lulah,1
Lumen-Alia,1
Luna-Marvella,1
Luna-Raine,1
Luna-Rose,1
Luna-Wolf,1
Lyanna,1
Lyannah,1
Lyiara,1
Lyla-Rose,1
Lymle,1
Lynsey,1
Maab,1
Maariyah,1
Mabrouka,1
Macie-Gray,1
Mackenna,1
Mackenzie-Louise,1
Macy-Lee,1
Madden,1
Maddie-Rose,1
Maddison-Blue,1
Maddison-Mae,1
Maddox,1
Madelene,1
Madelijn,1
Madelynn,1
Madie,1
Madiha,1
Madinah,1
Madison-Rose,1
Madisyn,1
Maebh,1
Maelys,1
Magizhini,1
Maha,1
Mahdiya,1
Mahin,1
Mahlea,1
Mahreen,1
Mahroosh,1
Mai,1
Maicey,1
Maicie,1
Maidah,1
Maighread,1
Maija,1
Maikah,1
Maila,1
Mailey,1
Mailey-Mae,1
Mairah,1
Mairead-Jane,1
Mairia,1
Maisie-Grace,1
Maisyn,1
Maiyah,1
Maiylah,1
Maiza,1
Majdoline,1
Makanaka,1
Makayla-Leigh,1
Makena,1
Malak,1
Malaka-Lilly,1
Malala-Rae,1
Maleah,1
Maleeka,1
Maleia,1
Mali-Blu,1
Mali-Jai,1
Maliah-May,1
Malin,1
Malk,1
Malka,1
Malwina,1
Malyka,1
Manal,1
Manat,1
Manayer,1
Mandy,1
Manisa,1
Mannat,1
Mantasha,1
Maple,1
Mara-Rose,1
Marci,1
Maree,1
Marella,1
Margaret-Rose,1
Margarita,1
Margherita,1
Maria-Beth,1
Maria-Irina,1
Marian,1
Mariana,1
Marie-Caterine,1
Mariella,1
Marigona,1
Marin,1
Mariota,1
Maris,1
Marise,1
Markan,1
Marle,1
Marlee,1
Marlena,1
Marlene,1
Marley-Rae,1
Marli,1
Marlia,1
Marlo,1
Marly,1
Marney,1
Marrissa,1
Marsaili,1
Martha-Mae,1
Marwa,1
Marwah,1
Mary-Ann,1
Mary-Ellis,1
Mary-Jane,1
Maryah,1
Maryla,1
Maryleigh,1
Maryn,1
Maryum,1
Masa,1
Masomeh,1
Mataya,1
Mathilda,1
Matilda-May,1
Matilde,1
Maura,1
Maxie,1
Maya-Rose,1
Mayanne,1
Mayra,1
Mayri,1
Mays,1
Mazie,1
Mckayla,1
Mckenna,1
Meadow-Rose,1
Meaghan,1
Meara,1
Medeea,1
Medina,1
Meela,1
Meera,1
Meg,1
Megan-Rose,1
Mehar-Un-Nisa,1
Mehwish,1
Mei-Lee,1
Meklit,1
Mela,1
Melaney,1
Melania,1
Melek,1
Melia-Rose,1
Melike,1
Melina,1
Melisa,1
Melode,1
Melody-Wren,1
Menaal,1
Mengling,1
Meral,1
Meriam,1
Meridah,1
Meriem,1
Merrin,1
Mette,1
Meva,1
Mhaisie,1
Mhirren,1
Mhoraig,1
Mia-Lea,1
Mia-Lilly,1
Mia-Mahizhini,1
Mia-Mya,1
Miarose,1
Michaella,1
Mickenzie,1
Mieke,1
Mihika,1
Mikaela,1
Mikah,1
Mikelea,1
Mila-Grace,1
Mila-Jo,1
Milania,1
Milaniah,1
Milaya,1
Milea,1
Milee,1
Miley-Rose,1
Milla,1
Milla-Laine,1
Miller,1
Milli-May,1
Milli-Rose,1
Millie-Anne,1
Millie-Jay,1
Millie-Rae,1
Milliemae,1
Minna,1
Minyar,1
Mirabelle,1
Mirana,1
Miray,1
Mireia,1
Mireille,1
Miren,1
Mirha-Fatimah,1
Mirrie,1
Miruna,1
Miryn,1
Mischa,1
Mishaal,1
Mishal,1
Mishel,1
Misk,1
Misse,1
Missy,1
Misti,1
Miya-Sofya,1
Miyla,1
Miyurikaa,1
Mizgin,1
Mmesomachi,1
Mmesoomachukwu,1
Moa,1
Moana,1
Mollie-Ann,1
Mollie-Kate,1
Mollie-Mae,1
Monica,1
Monique,1
Montanna-Disney,1
Morenikemi,1
Morgana,1
Morna,1
Mrithidhevna,1
Muntaha,1
Murphy,1
Murran,1
Muskaan,1
Mussammat,1
Muzan,1
Mya-Beth,1
Mya-Helan,1
Mya-Leigh,1
Mya-Rae,1
Mya-Rose,1
Myami,1
Myiesha,1
Mylah-Jamie,1
Myleene,1
Myleigh,1
Myleigh-Lorraine,1
Myley,1
Myreen,1
Myrna,1
Myrren-Grace,1
Myrrenn,1
Naarah,1
Nabeeha,1
Nada,1
Nadine,1
Nagat,1
Naia,1
Naiah-Grace,1
Naima,1
Nairn,1
Nairne,1
Nairobi,1
Naiya,1
Naiyah,1
Najma,1
Najmah,1
Najwa,1
Nakkia,1
Nala-Anne,1
Nalani,1
Nalla,1
Nallah,1
Nana,1
Nandini,1
Naomie,1
Nariman,1
Narin,1
Narisha,1
Nasra,1
Nasrin,1
Nataley,1
Natasa,1
Nau,1
Navada,1
Navaiah,1
Navraj,1
Nawaal-Fatima,1
Nawal,1
Nayah,1
Nayah-Rae,1
Naysa,1
Nayvah,1
Nayyab,1
Nayyirah,1
Neavah,1
Neavah-Mae,1
Nedjmie,1
Neeka,1
Neela,1
Neeve,1
Neeya,1
Nefeli,1
Negin,1
Neiva,1
Nella,1
Nellie-Mae,1
Nellie-Nevaeh,1
Nemi,1
Neona,1
Neriah,1
Nessa,1
Nessia,1
Nesta,1
Neus,1
Nevaeh-Lee,1
Nevaeh-Leigh,1
Nevaeh-Mae,1
Neveyah-Rose,1
Neya,1
Neyla,1
Niah,1
Niallah,1
Niaya,1
Nicca,1
Nicky,1
Nicole-Louise,1
Nida,1
Niera,1
Nihal,1
Nika,1
Nikita,1
Nikole,1
Nikolett,1
Nilah,1
Niska,1
Nisreen,1
Niven,1
Nivirah,1
Nivritti,1
Niylah,1
Nizara-May,1
Noemi,1
Nolah,1
Noora,1
Noorzahraa,1
Nora-Anne,1
Nosahunane,1
Nour,1
Noura,1
Nova-Leigh,1
Nova-Louise,1
Nozomi,1
Nula,1
Nun,1
Nuria,1
Nusaiba,1
Nusrat,1
Nuzhat,1
Nyah,1
Nydee,1
Nylah-J,1
Oak,1
Oakli,1
Oaklyn,1
Oarlah,1
Ocean,1
Ocean-Rai,1
Oceana,1
Octavia-Rose,1
Odette,1
Ogechukwu,1
Ohemaa,1
Oindree,1
Ojal,1
Olapeju,1
Olava,1
Olena,1
Olia,1
Olimpia,1
Olivia-Hazel,1
Olivia-Lily,1
Olivia-Louise,1
Olivia-Mae,1
Olivia-Rae,1
Oliwa,1
Oluwadarasimi,1
Oluwalabomi,1
Oluwashikemi,1
Oluwashindara,1
Oluwatamilore,1
Oluwatemisire,1
Olwen,1
Olympia,1
Omaricha-Chinonso,1
Ombeline,1
Omnia,1
Omotola,1
Oonagh-Grace,1
Oran,1
Orchid,1
Oria,1
Orianna,1
Orienna,1
Orla-Jean,1
Orla-Rose,1
Orlaith-Grace,1
Orna,1
Orobosa,1
Oryn,1
Osamega,1
Osayawe,1
Paislee,1
Paisley-Grace,1
Paityn,1
Paizlie,1
Paloma,1
Pandora,1
Paola,1
Pari,1
Paris-Ann,1
Parizay,1
Parker-James,1
Parya,1
Patience-Mae,1
Patricia,1
Patsy,1
Pauline,1
Paytan-Grace,1
Payton-Leigh,1
Peach,1
Peculiar,1
Peggy,1
Peigi,1
Pelia,1
Pembe,1
Peniel,1
Penka,1
Penley,1
Penni,1
Penuel,1
Pepper,1
Persephone,1
Perth,1
Pfeiffer,1
Pheobe,1
Phoebe-Emily,1
Pilar,1
Pinar,1
Piper-Jean,1
Piper-Rose,1
Pippa-Mae,1
Pippi,1
Pixi,1
Poppy-Sue,1
Porscha,1
Porscha-Katie,1
Posie,1
Posy,1
Prajuna,1
Prea,1
Prim,1
Prisha,1
Priya,1
Prudence,1
Pyper-Rose,1
Queen,1
Queenie,1
Quin,1
Quincy,1
Rabia,1
Rabiya,1
Rachele,1
Raea,1
Raegan,1
Raehn,1
Raelynn-Grace,1
Raena,1
Rafaela,1
Rafaella,1
Rafeef,1
Raffie,1
Rahma,1
Raighne,1
Rain,1
Rainbow,1
Raiven,1
Ramatoulaye,1
Randina,1
Ranya,1
Raphaella,1
Rarity,1
Rarri-Wynter,1
Rasheeda,1
Rateel,1
Ravneet,1
Rawya,1
Raye,1
Raygan,1
Rayhan,1
Raysa,1
Rayya,1
Razia,1
Re,1
Reaganrose,1
Reah,1
Rebeca-Naomi,1
Rebecca-Rose,1
Rebeka,1
Rebekkah,1
Rebel,1
Reema,1
Reevah,1
Reevalily,1
Reham,1
Rehnna,1
Rehoboth,1
Reigan,1
Reign-Beau,1
Reilly,1
Reinee,1
Reiva,1
Reja,1
Reka,1
Remas,1
Remmi,1
Remony,1
Ren,1
Renae,1
Renae-Wynter,1
Renesmee,1
Renka,1
Renne,1
Reshi,1
Reyann,1
Rhae,1
Rhea-Jay,1
Rhea-Mae,1
Rheagan,1
Rheava,1
Rheia,1
Rhema,1
Rheva,1
Rheya,1
Rhoda,1
Rhu,1
Rhubie,1
Rhylee,1
Rhyley,1
Rhylie,1
Riah,1
Rianna,1
Rida,1
Ridhima,1
Rieva,1
Rifnaa,1
Rijja,1
Riman,1
Rimsha,1
Rinad,1
Rinsinuolaoluwa,1
Riona-Belle,1
Ritaj,1
Rithya,1
Ritika,1
Riva,1
Riva-Mae,1
Rival,1
River-Elizabeth,1
Robben,1
Robiin,1
Robina,1
Robyn-Grace,1
Rohe,1
Roise,1
Rokhaya,1
Roma-Grace,1
Romelia,1
Romey,1
Romie,1
Romina,1
Ronja,1
Ronni,1
Ronnie,1
Rora,1
Rory,1
Rosa-Bella,1
Rosalee,1
Rosaleen,1
Rosaleigh,1
Rosaliee,1
Rosalinda,1
Rosario,1
Roselina,1
Roseline,1
Roses,1
Rosey,1
Rosha,1
Roshana,1
Roshanay,1
Roshna,1
Rosie-Kate,1
Roslynn,1
Rosse-Mari,1
Rovan,1
Rowena,1
Rowyn,1
Roxanna,1
Roxi,1
Roxie,1
Royalty,1
Rozie,1
Rozlyn,1
Rozmin,1
Rubab,1
Rubi-Grace,1
Rubina,1
Ruby-Ann,1
Ruby-Grace,1
Ruby-Jane,1
Ruby-Mae,1
Rudy,1
Ruiqi,1
Rumaisa,1
Rumana,1
Rumaysa,1
Rumer,1
Rumor,1
Rund,1
Ruqayyah,1
Ruqiya,1
Rura,1
Russhelle,1
Ruta,1
Ruvarashe,1
Ruya,1
Ryan,1
Ryla,1
Rynn,1
Ryver,1
Saadia,1
Saalihah,1
Saarah,1
Sabah,1
Sabahat,1
Sabeen,1
Sabiha,1
Sachi,1
Sada,1
Sadia,1
Sadiya,1
Sady,1
Safeera,1
Safeeya,1
Saffiyah,1
Safhiya,1
Safiatou,1
Safiyah,1
Safoorah,1
Saharish,1
Sai,1
Saidee,1
Sainabou,1
Saira,1
Sakhi,1
Sakura,1
Saliha,1
Salima,1
Salimata,1
Sally,1
Salsabiel,1
Salvi,1
Salwa,1
Samar,1
Samarah,1
Samayra,1
Sammar,1
Sammy,1
Samriddhi,1
Sanan,1
Sandaigh,1
Sanessa,1
Sanna,1
Santiana,1
Saoirse-Rose,1
Saphire,1
Sara-Kate,1
Sarah-Marie,1
Sarahjane,1
Sarahleigh,1
Sariah,1
Sarina,1
Sarrinah,1
Sarwar,1
Sassi-Boo,1
Satveer,1
Satya,1
Savan,1
Savana,1
Savea,1
Sawera,1
Scarlet-Rose,1
Scarlett-Anne,1
Scarlett-Jane,1
Seaira,1
Seba,1
Seden,1
Sedra,1
Sefora,1
Sehar,1
Sehee,1
Seher,1
Seirsha,1
Sejal,1
Selah,1
Selby,1
Selene,1
Seleste,1
Selin,1
Sena,1
Serafina,1
Seraphina,1
Serena-May,1
Serenity,1
Serine,1
Seynab,1
Sh'kinah,1
Shae,1
Shahd,1
Shaira,1
Shakira,1
Shan,1
Shania,1
Shanice,1
Shanniah,1
Shantalle,1
Shantell,1
Sharlin,1
Shauna,1
Shauna-Mairead,1
Shayalini,1
Sheema,1
Sheena,1
Shelbie,1
Shelby-Rose,1
Shelley,1
Shenia,1
Shera,1
Shereen,1
Sherrie-Leigh,1
Shifa,1
Shilo,1
Shiofra,1
Shireen,1
Shona,1
Shreemayee,1
Shreeya,1
Shritha,1
Shyvanna-Keira,1
Sianna,1
Siara,1
Siddiqa,1
Sidra,1
Siena-Grace,1
Sienna-Georgia,1
Sienna-May,1
Sienna-Rae,1
Sierra-Rose,1
Signey,1
Silver,1
Silvia,1
Silviya,1
Simran,1
Sine,1
Sinead,1
Siobhann,1
Siofra,1
Siog,1
Sira,1
Sisochukwulua,1
Sitara,1
Sivanshi,1
Siyu,1
Skye-Louise,1
Skylah,1
Skylar-Ann,1
Skylar-Leigh,1
Skylar-Rose,1
Skylarr,1
Skyler-Rose,1
Skylyr,1
Smilte,1
Sno,1
Soamna,1
Sofeeia,1
Sofia-Isla,1
Sofia-Rose,1
Sofia-Skye,1
Sofiamarie,1
Sofiyah,1
Solana,1
Solara,1
Solenne,1
Sommer-Leigh,1
Sona,1
Sonam,1
Sondous,1
Sonny-Mya,1
Sonya,1
Sophia-Mae,1
Sophie-Ann,1
Sophie-Anne,1
Sophie-Hannah,1
Sophie-Kay,1
Sophie-Lee,1
Sophie-Leigh,1
Soul,1
Sreeaadvitha,1
Stevvy,1
Stina,1
Sua,1
Subhee,1
Subihani,1
Subuhi,1
Suffia,1
Sukhveer,1
Suki,1
Sula,1
Sumaiah,1
Sumer,1
Summer-Jane,1
Summer-May,1
Summer-Rae,1
Summer-Rose,1
Summerleigh,1
Suna,1
Sunaina,1
Sundus,1
Sunshine,1
Suraya,1
Suri,1
Suriana,1
Susan,1
Susana,1
Susannah,1
Suzanna,1
Suzie,1
Suzy,1
Swara,1
Swithy,1
Syana,1
Taabeer,1
Taaliah,1
Tabita,1
Tahiya,1
Tahra,1
Taiba,1
Taila,1
Taisia,1
Taiya,1
Talia-Belle,1
Talin,1
Talitha,1
Taliyah,1
Talliah,1
Talya,1
Tamanna,1
Tamika,1
Tamsyn,1
Tamzin,1
Tania,1
Tanya,1
Tao,1
Taome,1
Tapaswi,1
Taraoluwa,1
Tarishi,1
Tarryn,1
Tasneem,1
Tasnim,1
Tatianna,1
Tawnie,1
Tayah,1
Tayana-Alexandra,1
Taylah,1
Taylah-Rae,1
Taylor-May,1
Tazanna,1
Teddie,1
Tehillah,1
Tehreem,1
Tehyah,1
Teja,1
Tejasrita,1
Tejasvi,1
Tekiya,1
Telia,1
Temi,1
Temiyanju,1
Teniayo,1
Teodora,1
Tereza,1
Teya,1
Teyla,1
Teynara,1
Thaleigha,1
Thalia-Rose,1
Thao,1
Thassia,1
Thea-Joy,1
Theadora,1
Theia-Rose,1
Thejashvini,1
Thekshana,1
Theresa,1
Therese,1
Thia,1
Thomasina,1
Thomasyn,1
Tia-Sapphire,1
Tialouise,1
Tiamo,1
Tianah,1
Tianxin,1
Tiaraoluwanimi,1
Tierra,1
Tieyi,1
Tifeoluwanimi,1
Tig,1
Tiggy,1
Tilda,1
Tilia,1
Tilley,1
Tilli,1
Tillie-Jess,1
Tilly-Anna,1
Tilly-Jane,1
Tilly-Mae,1
Tillyanna,1
Ting,1
Tiree,1
Tirza,1
Tirzah,1
Tisha,1
Tiwatope,1
Tizzie,1
Tola,1
Toni-Lee,1
Tooba,1
Tophina,1
Torin,1
Torley,1
Torra,1
Torran,1
Torrin,1
Tosia,1
Tove,1
Trinity,1
Trisha,1
Trixie,1
Trixie-Rae,1
Tuqa,1
Tyla-Mae,1
Tyleigh,1
Tyler,1
Tyne,1
Uljana,1
Umaima,1
Umaimah,1
Ummayah,1
Umme-Hani,1
Unaisah,1
Uriel,1
Ursula,1
Urszula,1
Urte,1
Uthailah,1
Vagmi,1
Vairi,1
Valeria,1
Valerija,1
Valery,1
Valya,1
Vanda,1
Varalika,1
Varga,1
Varin,1
Varvara-Sofia,1
Vasileia,1
Vaughan,1
Veia,1
Veyatie,1
Vibha,1
Vida,1
Vienna-Rose,1
Vikki,1
Viktoria,1
Viktorie,1
Vilte,1
Vinisha,1
Violet-Rose,1
Vishakah,1
Visnja,1
Vita,1
Viviana,1
Vrinda,1
Vyolet,1
Wanda,1
Wanessa,1
Warsan,1
Wasifa,1
Wells,1
Weronika,1
Wilhelmina,1
Willa,1
Willis,1
Willow-Mae,1
Willow-Marie,1
Willow-Raine,1
Wilna,1
Winry,1
Winter-Lee,1
Winter-Leigh,1
Wynter-Beau,1
Xanthia,1
Xanthippe,1
Xiao,1
Xin,1
Xinying,1
Xunyue,1
Xyla,1
Ya,1
Yaahvi,1
Yaalisai,1
Yagmur,1
Yamina,1
Yamundow,1
Yanong,1
Yaqin,1
Yashfa,1
Yashika,1
Yassin,1
Yebella,1
Yemariam,1
Yeo-Jeong,1
Yevgenia,1
Yi,1
Yina,1
Youmna,1
Yuna,1
Yusraa,1
Yuxin,1
Yvie,1
Yvonne,1
Zadie,1
Zahara,1
Zahirah,1
Zahrah,1
Zaia-Grace,1
Zainah,1
Zaira,1
Zalia,1
Zalouh,1
Zamari,1
Zanthia,1
Zara-Grace,1
Zara-Louise,1
Zara-Mae,1
Zara-Mai,1
Zariyah,1
Zarnish,1
Zarqa,1
Zarra,1
Zarrah,1
Zarya,1
Zavanna,1
Zaya-Ioana,1
Zayira,1
Zeeya,1
Zeinab,1
Zenaya,1
Zenna,1
Zeta,1
Zeya,1
Zeynep,1
Zhara,1
Zia,1
Zienna,1
Ziggy,1
Zikachimra,1
Zikachira,1
Zinaya,1
Zion,1
Ziona,1
Zirha,1
Zita,1
Ziva,1
Ziyara,1
Zoe-Rose,1
Zohra,1
Zoie,1
Zonaira,1
Zosia,1
Zoyah,1
Zunairah,1
Zuniyah,1
Zuzu,1
Zyla,1