SMITH,1924
BROWN,1367
WILSON,1288
STEWART,1143
ROBERTSON,1111
THOMSON,1073
CAMPBELL,1053
ANDERSON,995
SCOTT,783
REID,773
MACDONALD,763
MURRAY,743
TAYLOR,742
CLARK,643
ROSS,635
MORRISON,603
WALKER,595
MITCHELL,593
YOUNG,580
WATSON,579
GRAHAM,559
PATERSON,549
MILLER,546
FRASER,530
HENDERSON,517
DAVIDSON,515
MCDONALD,507
HAMILTON,498
MARTIN,496
CAMERON,492
JOHNSTON,490
FERGUSON,481
HUNTER,478
DUNCAN,473
GRAY,472
KERR,472
BELL,467
MACKENZIE,446
SIMPSON,443
KELLY,440
ALLAN,423
GRANT,422
MACKAY,403
MCLEAN,401
MACLEOD,396
BLACK,395
MARSHALL,359
WALLACE,359
BURNS,358
GIBSON,358
WRIGHT,356
RUSSELL,350
JONES,336
MURPHY,332
KENNEDY,331
SUTHERLAND,330
WOOD,321
STEVENSON,319
CRAIG,317
JOHNSTONE,314
HUGHES,307
WHITE,303
MILNE,286
WATT,285
RITCHIE,280
GORDON,279
DOCHERTY,278
MUNRO,277
WILLIAMS,276
MILLAR,275
MCMILLAN,274
MUIR,274
SINCLAIR,272
MCKENZIE,268
CUNNINGHAM,261
DICKSON,258
BRUCE,256
DOUGLAS,256
MCKAY,256
WILLIAMSON,256
SHAW,244
MCINTOSH,239
KING,235
JACKSON,232
CRAWFORD,231
FLEMING,228
GREEN,228
MCLAUGHLIN,225
HAY,222
CURRIE,220
THOMPSON,220
HILL,218
ALEXANDER,215
JAMIESON,214
MOORE,214
LINDSAY,212
CHRISTIE,211
MCGREGOR,210
MCINTYRE,209
AITKEN,207
BOYD,206
BOYLE,204
WHYTE,203
HALL,202
IRVINE,200
MACLEAN,200
RAE,200
MACKIE,199
O'NEILL,196
COOPER,195
FINDLAY,194
FORBES,194
MCFARLANE,193
WARD,193
ROBERTS,187
GALLAGHER,186
BUCHANAN,184
QUINN,183
NICOL,182
RAMSAY,182
BLAIR,181
MORRIS,181
REILLY,181
MCCULLOCH,180
WEIR,180
HUTCHISON,179
TURNER,179
CAIRNS,177
DONALDSON,177
JOHNSON,176
GALLACHER,175
STRACHAN,175
ADAMS,174
COOK,173
MCCALLUM,173
ROBINSON,173
CHALMERS,171
LAWSON,170
O'DONNELL,170
MCLEOD,169
COLLINS,168
HARRIS,168
MCLAREN,168
RICHARDSON,168
BEATTIE,166
ALI,165
LOGAN,164
RENNIE,164
WEBSTER,164
DAVIES,162
MCEWAN,160
BUCHAN,158
DUNN,158
BARCLAY,157
BARR,157
MORGAN,156
FORSYTH,155
DONNELLY,154
TAIT,154
DUFFY,150
EVANS,150
GILMOUR,150
COWAN,149
MOFFAT,148
PATON,148
JACK,147
MCALLISTER,147
HENDRY,146
BAIRD,145
HARVEY,144
MCKENNA,144
STEPHEN,144
SNEDDON,143
ARMSTRONG,142
HOGG,142
LEE,142
MAXWELL,142
NELSON,142
LYNCH,141
BAIN,140
THOMAS,140
MCGUIRE,139
BAXTER,138
MCGOWAN,138
PHILLIPS,138
KANE,137
MCDOUGALL,136
CLARKE,135
DONALD,135
MCBRIDE,135
MACPHERSON,134
DEVLIN,133
DRUMMOND,133
LEWIS,133
MURDOCH,133
ROBB,133
TURNBULL,133
HOUSTON,132
EDWARDS,131
WELSH,131
GILLIES,127
PATTERSON,126
STUART,126
MASON,125
BENNETT,124
MCCANN,124
SHARP,124
DICK,123
HARRISON,123
LAING,123
GILLESPIE,122
HARPER,122
PARKER,122
PARK,121
SWEENEY,121
SPENCE,120
CASSIDY,119
HIGGINS,119
INNES,119
LAW,119
LITTLE,119
LOVE,119
MACGREGOR,119
MULLEN,117
BAILLIE,116
CRUICKSHANK,115
MCARTHUR,115
ORR,115
GIBB,114
MAIN,114
CUMMING,113
FISHER,113
MACKINNON,113
BRADLEY,112
COWIE,112
MCGILL,112
MILLS,112
NICHOLSON,111
ALLISON,110
MILLIGAN,110
SHIELDS,110
SINGH,110
BURNETT,109
GARDNER,109
MCMAHON,109
O'BRIEN,108
PEARSON,108
STEELE,108
WOODS,108
AHMED,107
KHAN,107
MCCABE,107
MCPHEE,107
MONTGOMERY,107
CONNELLY,106
DUFF,106
GALLOWAY,106
LESLIE,106
NOBLE,106
PETRIE,106
TODD,106
MCPHERSON,105
POLLOCK,105
ADAM,104
MACMILLAN,104
RODGER,104
SHEPHERD,104
COCHRANE,103
DOHERTY,103
GREIG,103
MACFARLANE,103
MORTON,103
FOX,102
MIDDLETON,102
SMART,102
ELLIOTT,101
MCNEILL,101
CONNOR,100
GARDINER,100
GUNN,100
